owner_id,name,email,signup_date,country
1,Kimberly Rush,mccoyfrederick@stone-collins.com,2023-09-18,Myanmar
2,Rebekah Collins,sextonralph@gmail.com,2024-11-02,Pitcairn Islands
3,Amy Green,wheelerhoward@gmail.com,2024-06-04,Northern Mariana Islands
4,Tamara Saunders,sheila33@hotmail.com,2024-08-22,Fiji
5,Albert Jones,robertjohnson@hotmail.com,2023-11-17,Comoros
6,Maurice Perry,pottertommy@navarro.com,2025-07-28,Colombia
7,Robert Bartlett,robinsmith@yahoo.com,2023-09-07,Netherlands Antilles
8,Jose Fox,huangthomas@hotmail.com,2025-03-03,Moldova
9,Michael Johnson,richardmorrison@hotmail.com,2024-09-02,Austria
10,Elizabeth Smith,jason77@yahoo.com,2024-01-07,Guam
11,Amber Lloyd,jesusmorrison@yahoo.com,2025-06-09,Madagascar
12,Elizabeth Sweeney,taylor17@hotmail.com,2024-07-27,Tokelau
13,Amanda Campbell,campbellkevin@valentine.com,2023-12-28,Djibouti
14,Elaine Phillips,slambert@grant.com,2024-03-11,Honduras
15,Jeffrey Washington,ajohnson@yahoo.com,2025-03-02,Martinique
16,Kim Ruiz,ohansen@gmail.com,2025-05-28,Mexico
17,Brian Boone,michael56@hotmail.com,2023-08-17,Netherlands Antilles
18,Matthew Rasmussen,danacameron@yahoo.com,2025-03-15,Lao People's Democratic Republic
19,Mary Martin,jacksonconner@hotmail.com,2024-02-27,Argentina
20,Mason Malone,dustin82@gmail.com,2024-06-06,Samoa
21,Erica Alexander,pschmidt@miller.com,2023-08-20,Maldives
22,Michael Ryan,thompsonbarbara@ortiz.com,2025-05-24,United Arab Emirates
23,Cole Johnson,vrivera@fleming.com,2024-01-05,Turkey
24,Derrick Smith,robert77@gmail.com,2024-09-17,Ethiopia
25,Stacy Wang,cherylhardin@yahoo.com,2025-06-09,Barbados
26,Caitlin Hernandez,lrivers@hotmail.com,2024-07-09,Korea
27,Chelsea Stewart,samuelkim@rodriguez.com,2025-04-04,Mauritius
28,Sean Maxwell,rossbrandon@larsen.com,2024-12-09,Martinique
29,Sharon Garcia,fgonzalez@gmail.com,2023-09-29,Peru
30,Matthew Strong,evansanne@hotmail.com,2023-12-19,Trinidad and Tobago
31,Daniel Clements,inichols@hotmail.com,2024-07-30,Saudi Arabia
32,Jennifer Turner,tammy50@harris.com,2023-08-31,Cote d'Ivoire
33,Tonya Juarez,camposlisa@hotmail.com,2023-12-26,United Arab Emirates
34,Brittany Green,fjackson@yahoo.com,2024-11-02,Italy
35,Keith King,julia43@gmail.com,2024-01-12,Nicaragua
36,Kristen Cox,george63@smith.com,2024-11-15,Macao
37,Rachel Taylor,duranrandy@wilson-kim.com,2025-01-19,French Southern Territories
38,Jonathan Reid,jessica68@williams.info,2023-09-19,Palau
39,Kelly Brown,jordanisaac@yahoo.com,2024-11-25,Jordan
40,Joshua Mendoza,dellis@douglas-torres.com,2025-05-24,Austria
41,Richard Wiggins,patrickmiles@riggs.com,2024-03-25,Madagascar
42,Tony Jordan,dwayne69@yahoo.com,2025-07-10,Isle of Man
43,Angel Doyle,kelly67@gmail.com,2024-10-06,Myanmar
44,Jason Harding,pharris@buchanan-chavez.com,2025-01-10,Congo
45,Jessica Gonzalez,johnsonjames@schwartz.biz,2025-04-16,Chile
46,Maria Rocha,andersonlaura@gmail.com,2024-08-13,Bulgaria
47,Jeremiah Friedman,rachelvillanueva@baker.com,2025-02-26,Isle of Man
48,Debra Rubio,rhayes@allen.org,2024-01-31,Cocos (Keeling) Islands
49,Carl Smith,hshelton@davis.com,2025-03-03,Iraq
50,Nicholas James,carlos25@hotmail.com,2024-02-05,Nigeria
51,Noah Miller,hesschristopher@yahoo.com,2024-01-01,Lesotho
52,Lindsey Jackson,anthony84@yahoo.com,2024-03-14,Micronesia
53,Bonnie Perez,fisherian@rodriguez.com,2024-01-26,Bulgaria
54,Cesar Bradford,umitchell@graves.info,2024-06-14,Ireland
55,Tammy Perkins,fowlerdouglas@yahoo.com,2025-06-14,Thailand
56,Randy Gutierrez,ghamilton@owens.info,2024-08-24,Gambia
57,Sharon Johnson,janicegarza@hotmail.com,2023-10-08,Gambia
58,Courtney Davis,mestrada@watson.com,2024-11-03,Vietnam
59,Jessica Walker,maryjames@yahoo.com,2024-05-23,Andorra
60,Isabel Harris,john20@hotmail.com,2024-02-21,Netherlands
61,Shelia Padilla,martinezangel@parks.biz,2024-02-09,Malawi
62,Bryan Silva,zavalafelicia@gmail.com,2024-02-03,Cayman Islands
63,Christopher Jefferson,chrispearson@roach-west.biz,2025-07-27,Kenya
64,Daniel Elliott,lawrence35@lawrence-silva.com,2023-09-28,Turkey
65,Kenneth Thompson,osbornejeffrey@long.com,2025-06-20,Kuwait
66,Kimberly Small,mistywilliamson@parsons.org,2023-12-25,Mali
67,Christopher Wright,ytaylor@gonzalez.com,2023-08-10,Tajikistan
68,April Drake,martinezsierra@walker.biz,2024-07-30,Cayman Islands
69,Kyle Perry,bpham@yahoo.com,2024-06-27,Honduras
70,Nancy Davis,jacob05@gmail.com,2024-05-02,Saudi Arabia
71,Tracy Peck,davismichael@yahoo.com,2024-03-20,Nigeria
72,Barbara Mcdaniel,yramirez@brown.com,2023-10-07,Libyan Arab Jamahiriya
73,Kiara Leonard,carrie96@hill.com,2024-12-18,Lesotho
74,Barbara Brock,shane22@lester.info,2023-11-27,Nigeria
75,April Johnson,priceallen@conley-salazar.com,2024-10-18,Madagascar
76,Marcus Mckenzie,patrickscott@yahoo.com,2025-04-14,Turks and Caicos Islands
77,Sherry Boyer,fostergrace@gmail.com,2025-06-08,Greece
78,Katherine Terry,dawnphillips@yahoo.com,2024-03-16,Tuvalu
79,Allison Williams,jsmith@olson-vasquez.biz,2024-03-01,Gambia
80,Megan Martinez,bcline@prince-grimes.com,2025-05-03,Honduras
81,Karen Fernandez,erinhernandez@taylor.com,2025-05-08,United States Minor Outlying Islands
82,Megan Hanson,jonathanhanna@yahoo.com,2024-02-08,South Africa
83,Nicole Hodge,pwhite@yahoo.com,2024-10-10,Liberia
84,Jennifer Knapp,cschroeder@hotmail.com,2024-04-29,Anguilla
85,Paul Peck,timothyduncan@gmail.com,2024-09-20,Nigeria
86,Sean Zavala,adkinsaaron@parker-lopez.com,2024-07-07,Belgium
87,Ms. Chelsea Mullins,vtran@smith-payne.net,2024-08-04,Guinea-Bissau
88,Carrie Johnson,qhines@cooper.org,2024-11-07,Haiti
89,David Smith,carrillokenneth@yahoo.com,2025-03-01,Panama
90,Allen Wang,kimberlyrivas@yahoo.com,2023-09-05,Vietnam
91,Kristen Harper,stewartjesse@yahoo.com,2025-05-29,Panama
92,Kimberly Anderson,chrislyons@irwin-ramirez.com,2025-02-18,Belgium
93,Miss Debra Woods MD,yparsons@johnson-garcia.com,2024-02-07,Honduras
94,Michael Cameron,kimberly15@yahoo.com,2023-11-17,Mongolia
95,Tammy Woodard,tiffanytorres@turner-le.net,2024-01-27,Germany
96,Samantha Eaton,maryhall@cunningham.com,2024-05-31,Gambia
97,Deborah Doyle,syoung@yahoo.com,2023-09-27,Monaco
98,Chase Beasley,langdonald@holloway-torres.info,2024-08-14,Honduras
99,Tyler Weiss,ubell@hotmail.com,2025-05-02,Bolivia
100,Benjamin Barnes,donald00@duarte.info,2023-08-09,Burundi
101,Christine Phillips,andersonannette@walls.com,2024-06-21,Panama
102,James Fitzgerald,bearddaniel@hotmail.com,2025-03-23,United Kingdom
103,Vanessa Rogers,deborahjohnston@bowman.com,2024-03-12,Nigeria
104,Andre Bullock,roneill@sellers.net,2025-05-08,Vanuatu
105,David Henson,jerrymcgee@cooper-decker.com,2024-02-18,Niue
106,Katherine Romero,tinasloan@reynolds.net,2024-02-05,Bolivia
107,Shannon Martinez,veronicamurphy@pacheco.com,2024-06-10,Marshall Islands
108,Randy Coleman,jwhite@atkinson.com,2025-04-18,Liberia
109,Amanda Parks,johnsonmarie@nelson.com,2024-04-10,Somalia
110,Melissa Miller,carrie50@gmail.com,2025-05-24,Western Sahara
111,Michael Johnson,davisnatasha@gmail.com,2024-03-24,Uruguay
112,Whitney Stephenson,zbradley@gmail.com,2023-09-05,Equatorial Guinea
113,Julia Alvarez,brenda91@williams.com,2024-05-25,Jordan
114,Mrs. Maria Meyers DDS,colebartlett@fuller.biz,2025-04-01,Tokelau
115,Brandi Quinn,qgibson@bailey-ray.biz,2024-03-27,Belize
116,Robert Thornton,hkramer@robinson.com,2024-08-20,Somalia
117,Edward Maddox,dmartin@nguyen-reid.info,2024-10-19,Antigua and Barbuda
118,Kimberly Gaines,cochrancynthia@gray-ward.com,2025-04-15,Spain
119,Melissa Bowman,perezjohn@miller.com,2024-07-22,Faroe Islands
120,Kristin Hernandez,kingshane@hotmail.com,2025-04-24,Estonia
121,Colleen Hernandez,stewartdonna@garcia.com,2025-05-30,Kazakhstan
122,Melissa Novak,dkey@yahoo.com,2024-11-27,Russian Federation
123,Joshua Hernandez,robinbuchanan@taylor.com,2025-05-12,Turkey
124,Mr. Luis Gutierrez,williamsteresa@yahoo.com,2024-08-25,Niue
125,Robert Ford,lisa76@yahoo.com,2025-03-07,United Kingdom
126,Brian Robinson Jr.,marysmith@mathews.com,2024-03-16,Montenegro
127,Michael Robinson,campbellrichard@miller.com,2025-06-07,Argentina
128,Andrea Sullivan,patriciasparks@yahoo.com,2023-11-28,Western Sahara
129,Jeanne Sanchez,whodges@yahoo.com,2024-05-12,Sierra Leone
130,William Mitchell,newtonshannon@gmail.com,2023-08-14,Ecuador
131,Jeffrey Owens,butlerjacob@yahoo.com,2024-05-30,Iceland
132,Johnny Steele Jr.,leslie04@mccarty.com,2024-03-04,Israel
133,Louis Fields,hallkelsey@rios-guerrero.com,2024-06-17,Jamaica
134,Mitchell Mckinney,fjohnson@brown.com,2025-05-24,Christmas Island
135,Jack Gonzalez,cynthiasanders@gmail.com,2025-04-07,Iran
136,Tracy Garcia,lindaknox@gmail.com,2025-01-25,Guinea-Bissau
137,Jeremy Dudley,carpenterjacob@weber.biz,2025-05-30,Antigua and Barbuda
138,Leonard Vaughn,anthonystone@yahoo.com,2024-06-17,Kuwait
139,Katelyn Anderson,michellewu@foster-daniels.com,2024-04-12,Christmas Island
140,Thomas Reynolds,frances28@lane-navarro.com,2024-10-07,Mayotte
141,Scott Valdez,perezwanda@yahoo.com,2024-02-24,Taiwan
142,Dawn Black,corymckee@hotmail.com,2024-09-22,Azerbaijan
143,Joshua Wright,jenniferruiz@hotmail.com,2023-07-30,Chile
144,Alexander Townsend,tfischer@morales.net,2023-09-20,Colombia
145,Thomas Morgan,rbrown@vazquez-bennett.net,2024-09-02,Saint Pierre and Miquelon
146,Mrs. Pamela Rodriguez DDS,teresa33@hotmail.com,2024-04-01,Uruguay
147,Brady House,joneszachary@yahoo.com,2024-02-28,Solomon Islands
148,Kim Mckinney,anthonyyoung@barry.com,2024-01-22,Tunisia
149,Kelly Baker,carlsonwilliam@gmail.com,2025-03-13,Cyprus
150,Marc Kennedy,lopezpaul@mullen.com,2024-06-23,Germany
151,Austin Knight,biancahouse@yahoo.com,2024-10-26,Faroe Islands
152,Sara Lindsey,stevensjacqueline@cook-tucker.com,2025-07-02,Saint Lucia
153,Judy Wright,simonsteven@hotmail.com,2025-02-03,Lesotho
154,Shawn Cowan,nicolerobinson@olsen-arnold.com,2024-01-20,Montserrat
155,Zachary Austin,robinnorris@gill.info,2024-10-13,Kazakhstan
156,Kristen Singh,hailey08@gmail.com,2025-04-16,Azerbaijan
157,Annette Huber,lance47@yahoo.com,2024-03-10,Eritrea
158,Kirk Thompson,martinezshawn@stephens.biz,2024-01-11,Senegal
159,Brittany Montoya DDS,davidscott@yahoo.com,2025-05-18,Jersey
160,Michael Wilson,spencermonica@yahoo.com,2024-07-13,Qatar
161,Cody Rhodes,vclark@ellison.com,2023-09-13,Cambodia
162,Maria Olson,flowersmegan@gmail.com,2025-02-02,Martinique
163,Ebony Howard,gonzaleskatherine@shaw-ingram.com,2023-11-12,San Marino
164,Christy George,victoriaenglish@burns.net,2025-02-16,Iceland
165,Desiree Morgan,kenneth07@yahoo.com,2024-10-21,Malaysia
166,Bryan Young,harrismike@gmail.com,2024-09-21,Mayotte
167,Mario Sherman,gregory26@hanson-kelly.com,2024-05-17,Myanmar
168,Sarah Vance,ronaldbauer@davis.com,2024-04-14,Chad
169,Jonathan Ryan,ybuchanan@hotmail.com,2024-09-08,Vanuatu
170,Susan Massey,michael59@gmail.com,2024-09-27,Saint Vincent and the Grenadines
171,Andrew Medina,amy30@gmail.com,2025-01-15,French Polynesia
172,Karen Hickman,kyle19@gmail.com,2023-09-28,Central African Republic
173,Cynthia Romero,millerbryan@sanders.org,2024-01-09,Puerto Rico
174,Wendy Lopez,zstewart@hotmail.com,2024-02-02,Eritrea
175,Jeremy Bryan,kathleen38@young-cisneros.com,2023-11-21,Guernsey
176,Timothy Flores,catherinedavis@roy.com,2024-02-19,Macedonia
177,Amanda Rogers,jacksonrobert@acosta.com,2023-09-18,Hong Kong
178,Wendy Thompson,kristinenguyen@estrada.com,2024-05-31,Mozambique
179,Peter Lewis,davismelanie@scott.org,2024-11-04,Malta
180,Jeffrey Mccarthy,jefferymatthews@griffin-daniels.com,2024-10-07,Cape Verde
181,Paul Aguilar,cwilliams@hotmail.com,2024-08-02,Brunei Darussalam
182,Lauren Morrison,owhite@davis.com,2025-03-27,Poland
183,Carla Norris,robingallagher@yahoo.com,2025-05-22,Papua New Guinea
184,Jason Harris,emcguire@murphy.net,2023-11-03,Ethiopia
185,Darren Myers,vbush@hotmail.com,2025-02-22,Switzerland
186,Alexandra Richards,barronashley@harrington.org,2024-03-17,Anguilla
187,Madison Paul,francokayla@hotmail.com,2024-11-04,Zambia
188,Nicholas Washington,watsonvalerie@yahoo.com,2023-09-07,Cameroon
189,James Graves,tlee@hotmail.com,2025-02-22,Kazakhstan
190,Patrick Clark,timothyodonnell@yahoo.com,2024-12-12,Central African Republic
191,Kenneth Meadows,uhall@hotmail.com,2025-01-29,Norway
192,Joshua Bates,gillespieshawn@gmail.com,2024-12-02,Mauritania
193,Gary Young,ksmith@hotmail.com,2025-05-22,Saint Lucia
194,Jeffrey Mcgrath,norrismichael@brown-delgado.com,2025-01-28,Nigeria
195,Stephanie Hunt,mdavis@wilson.net,2024-04-18,Saint Vincent and the Grenadines
196,Dr. Dawn Gutierrez,dawnwest@bennett.com,2024-08-29,Micronesia
197,John Hutchinson,lopezlee@gmail.com,2023-10-26,Fiji
198,Wendy Williams,qholland@stevens-vasquez.com,2024-04-29,Guinea
199,Joshua Mclean,megan31@whitaker.com,2025-05-28,Albania
200,Todd Bennett,jason00@hotmail.com,2025-03-22,Croatia
