pet_id,name,breed,dob,owner_id
1,Marcus,Siamese Cat,2024-09-28,102
2,Jessica,Golden Retriever,2012-02-13,34
3,John,Siamese Cat,2020-12-28,52
4,Julia,Siamese Cat,2023-06-29,120
5,Jody,German Shepherd,2021-04-25,49
6,Kathy,Maine Coon,2022-11-20,151
7,Melissa,Persian Cat,2014-06-11,158
8,Jonathan,Persian Cat,2020-05-09,112
9,Robin,Maine Coon,2017-03-09,154
10,Darlene,Golden Retriever,2019-01-08,29
11,Jeffrey,Maine Coon,2023-04-27,5
12,Amanda,Siamese Cat,2014-02-05,143
13,Taylor,Persian Cat,2024-11-17,118
14,Roberta,Maine Coon,2014-09-15,118
15,Megan,German Shepherd,2016-10-09,62
16,Kelsey,Bulldog,2015-08-23,147
17,Jacob,Golden Retriever,2017-07-19,159
18,Sharon,Shiba Inu,2015-07-30,38
19,Heather,Maine Coon,2014-04-22,1
20,Cody,Shiba Inu,2022-03-19,69
21,Scott,Shiba Inu,2023-03-26,84
22,Carolyn,Maine Coon,2022-05-21,149
23,Daniel,Golden Retriever,2015-11-03,189
24,Alicia,Bulldog,2012-04-01,34
25,Samantha,Beagle,2022-12-02,165
26,Carl,Shiba Inu,2013-08-28,132
27,Randy,Maine Coon,2020-11-01,98
28,Craig,Siamese Cat,2013-01-11,131
29,Kathleen,Siamese Cat,2011-06-01,96
30,Dawn,Maine Coon,2019-02-19,11
31,Jamie,Siamese Cat,2017-05-23,146
32,Dominique,Persian Cat,2020-02-25,72
33,Matthew,German Shepherd,2024-11-16,117
34,Amanda,Beagle,2013-10-28,55
35,James,Maine Coon,2014-11-02,152
36,Sarah,German Shepherd,2015-10-18,123
37,Kelly,Beagle,2010-12-15,15
38,Donald,Beagle,2018-01-30,22
39,Claire,Shiba Inu,2017-10-26,63
40,Brandon,Bulldog,2023-06-14,98
41,Megan,Beagle,2022-08-01,17
42,Nathan,Persian Cat,2012-07-01,61
43,Erin,Beagle,2016-03-19,28
44,Bruce,Golden Retriever,2019-04-22,33
45,Trevor,Shiba Inu,2021-12-02,137
46,James,Siamese Cat,2015-04-30,91
47,David,Golden Retriever,2021-06-16,114
48,Brittney,Maine Coon,2025-04-28,157
49,Travis,Bulldog,2011-01-02,125
50,Erik,Siamese Cat,2021-07-11,39
51,Lisa,Golden Retriever,2012-11-09,109
52,Edward,Maine Coon,2012-01-23,90
53,George,Siamese Cat,2012-08-14,31
54,Catherine,Maine Coon,2014-03-28,27
55,Christy,German Shepherd,2024-05-12,30
56,Martin,German Shepherd,2012-05-13,168
57,Jason,Maine Coon,2012-12-19,172
58,Nina,Persian Cat,2018-01-13,27
59,Robert,Siamese Cat,2013-08-22,182
60,Lisa,Maine Coon,2021-04-27,73
61,Brenda,Persian Cat,2014-01-22,92
62,Brian,Persian Cat,2020-09-04,150
63,Richard,Bulldog,2017-03-06,200
64,Eric,Bulldog,2011-07-29,159
65,James,Siamese Cat,2017-03-04,162
66,Ashley,German Shepherd,2015-05-18,68
67,James,Bulldog,2020-09-24,59
68,Hannah,Maine Coon,2014-03-17,136
69,Walter,Bulldog,2016-03-04,197
70,Kathleen,Persian Cat,2013-08-06,164
71,Robert,German Shepherd,2012-02-26,196
72,Keith,Persian Cat,2020-09-26,20
73,Melanie,German Shepherd,2013-01-15,31
74,Jennifer,Beagle,2017-10-26,80
75,Margaret,German Shepherd,2013-05-23,129
76,Kyle,Beagle,2019-09-20,86
77,John,German Shepherd,2020-10-07,66
78,Teresa,Bulldog,2017-06-02,197
79,Sarah,Maine Coon,2017-01-26,19
80,Mary,Maine Coon,2014-04-12,76
81,Rodney,Beagle,2019-01-14,94
82,Pamela,Golden Retriever,2013-10-24,33
83,Christy,Shiba Inu,2020-02-04,136
84,Lisa,Beagle,2018-09-04,73
85,Ashley,Shiba Inu,2012-12-30,57
86,William,Shiba Inu,2014-04-23,177
87,Jessica,Maine Coon,2012-02-09,192
88,David,Shiba Inu,2022-04-27,145
89,Aaron,Persian Cat,2012-12-29,196
90,Christopher,Maine Coon,2019-03-12,185
91,Kelly,Bulldog,2017-03-26,128
92,Benjamin,German Shepherd,2014-11-09,37
93,Tamara,German Shepherd,2013-01-07,18
94,Donald,Maine Coon,2017-09-03,12
95,Rachel,German Shepherd,2024-04-29,91
96,Heather,Golden Retriever,2011-10-03,41
97,Barry,Golden Retriever,2021-11-23,165
98,Cody,Siamese Cat,2017-01-24,8
99,Terrance,Maine Coon,2024-08-06,200
100,Thomas,Shiba Inu,2011-02-02,61
101,Timothy,Bulldog,2024-07-23,187
102,David,Siamese Cat,2023-02-03,10
103,Russell,German Shepherd,2017-10-27,127
104,Russell,Golden Retriever,2014-12-25,169
105,Andrea,German Shepherd,2020-08-06,118
106,Briana,Maine Coon,2012-08-03,42
107,Tara,German Shepherd,2018-08-04,103
108,Charles,Persian Cat,2022-02-25,93
109,Amanda,Siamese Cat,2016-01-01,96
110,Cynthia,German Shepherd,2021-07-08,117
111,Melanie,Maine Coon,2021-05-05,73
112,Alexander,Shiba Inu,2020-06-06,119
113,Linda,Siamese Cat,2025-05-11,166
114,Paula,Maine Coon,2013-02-07,59
115,Robert,Maine Coon,2023-10-28,140
116,Brandon,Persian Cat,2023-01-08,80
117,Jeffrey,Shiba Inu,2022-02-06,104
118,Christopher,Beagle,2019-04-21,64
119,Jeffrey,Persian Cat,2011-12-15,89
120,Brian,Maine Coon,2017-06-25,181
121,Michael,Beagle,2011-10-08,47
122,Marissa,Golden Retriever,2018-07-19,191
123,Travis,Beagle,2024-01-30,59
124,Travis,Golden Retriever,2022-05-23,169
125,Sharon,Golden Retriever,2017-02-26,77
126,Kim,Bulldog,2017-06-03,64
127,Richard,Shiba Inu,2022-01-26,132
128,Paul,Shiba Inu,2021-11-06,32
129,Margaret,Beagle,2013-04-05,181
130,Brandon,Golden Retriever,2023-01-26,152
131,Robert,Bulldog,2022-01-14,125
132,Chad,German Shepherd,2010-09-20,188
133,Louis,Maine Coon,2013-12-14,4
134,Jimmy,Persian Cat,2013-12-26,189
135,Patrick,Beagle,2019-03-18,102
136,Casey,Bulldog,2022-01-26,152
137,Matthew,Siamese Cat,2014-10-19,40
138,David,Maine Coon,2021-07-30,45
139,Kimberly,Persian Cat,2017-12-03,57
140,Erik,Golden Retriever,2018-03-24,42
141,Laurie,Golden Retriever,2015-03-09,14
142,Andrew,Golden Retriever,2023-05-30,107
143,Monica,Beagle,2016-11-12,31
144,Christopher,Siamese Cat,2013-11-10,49
145,Ricardo,Maine Coon,2011-03-26,158
146,David,Persian Cat,2011-04-18,141
147,Maxwell,Siamese Cat,2016-09-11,59
148,Michael,Golden Retriever,2014-02-05,73
149,Heather,Beagle,2014-01-18,193
150,Elizabeth,German Shepherd,2020-09-29,4
151,Alfred,Beagle,2019-01-04,120
152,Kimberly,Maine Coon,2019-06-11,45
153,Tony,Shiba Inu,2020-11-09,119
154,Joyce,Bulldog,2019-09-08,21
155,Lori,Golden Retriever,2023-01-03,60
156,Michael,Persian Cat,2014-06-25,132
157,Jean,Bulldog,2024-02-01,122
158,Stanley,Persian Cat,2018-07-30,158
159,Melissa,Shiba Inu,2014-04-26,95
160,Jason,Beagle,2015-04-20,21
161,Ryan,Beagle,2017-12-15,22
162,Jill,Shiba Inu,2023-01-09,143
163,Jeremy,Siamese Cat,2023-09-12,172
164,Dwayne,German Shepherd,2020-08-05,161
165,Kimberly,German Shepherd,2014-06-18,57
166,Kim,Shiba Inu,2024-02-20,24
167,Jason,Persian Cat,2016-12-21,123
168,Timothy,German Shepherd,2022-01-22,72
169,Jessica,Shiba Inu,2011-10-10,136
170,Dana,Bulldog,2011-09-25,25
171,Jeffrey,Siamese Cat,2010-09-28,200
172,Brian,Siamese Cat,2024-06-04,74
173,Dana,Bulldog,2022-06-19,200
174,Ethan,Beagle,2018-08-25,164
175,Jessica,Beagle,2015-09-04,80
176,Donna,German Shepherd,2012-12-15,49
177,David,German Shepherd,2014-10-16,63
178,Joseph,Beagle,2011-10-24,64
179,Eric,Persian Cat,2011-03-21,29
180,Malik,Persian Cat,2020-09-30,37
181,Amanda,Shiba Inu,2013-11-27,24
182,Angela,Maine Coon,2017-12-23,74
183,Dennis,German Shepherd,2025-05-28,161
184,Jonathan,Persian Cat,2011-06-21,140
185,Dawn,Persian Cat,2020-02-15,192
186,Angela,Maine Coon,2017-04-06,195
187,Marie,Siamese Cat,2015-10-29,155
188,Jasmine,Golden Retriever,2014-01-05,76
189,Kristine,Beagle,2020-02-03,29
190,Bradley,Beagle,2024-03-24,62
191,Samantha,German Shepherd,2014-08-02,31
192,Vincent,Siamese Cat,2014-09-21,75
193,Danielle,Bulldog,2019-08-20,69
194,Kevin,Persian Cat,2014-08-18,131
195,Michael,Bulldog,2019-07-22,124
196,Claudia,Siamese Cat,2022-07-27,137
197,Ashley,Shiba Inu,2016-06-23,109
198,Jermaine,Shiba Inu,2019-01-08,93
199,Samantha,German Shepherd,2017-11-18,105
200,David,Maine Coon,2024-06-10,72
201,Sandra,Golden Retriever,2014-04-10,157
202,Ethan,Bulldog,2017-02-16,9
203,Jesse,Beagle,2017-05-03,30
204,Timothy,Golden Retriever,2016-02-03,22
205,Sherry,Golden Retriever,2020-06-16,117
206,Michael,Persian Cat,2023-01-06,24
207,Amber,Siamese Cat,2023-08-08,96
208,Dean,Siamese Cat,2019-06-08,171
209,Kendra,Maine Coon,2021-11-23,159
210,Christopher,Bulldog,2011-01-06,129
211,Robert,German Shepherd,2014-05-09,174
212,Nathan,Siamese Cat,2012-07-25,56
213,Michael,German Shepherd,2011-07-09,191
214,Jessica,Persian Cat,2012-09-10,53
215,Lindsey,Maine Coon,2011-08-27,58
216,Melissa,Beagle,2021-05-07,6
217,Timothy,Siamese Cat,2023-11-25,54
218,James,German Shepherd,2014-01-30,100
219,Jenny,Shiba Inu,2012-12-19,59
220,Steven,German Shepherd,2019-08-21,144
221,David,Beagle,2017-07-26,116
222,Heather,Maine Coon,2012-02-23,28
223,Maria,Beagle,2011-01-01,49
224,Gregory,Maine Coon,2020-09-19,120
225,Matthew,German Shepherd,2017-06-12,193
226,Troy,Persian Cat,2015-11-01,47
227,Tina,Bulldog,2014-08-31,30
228,Brittany,Bulldog,2012-05-05,70
229,Samantha,Bulldog,2012-12-01,6
230,Brandon,Maine Coon,2019-04-12,119
231,Carla,Persian Cat,2016-10-08,33
232,Jean,Siamese Cat,2013-09-07,141
233,Michelle,Siamese Cat,2025-06-28,67
234,Candice,Beagle,2020-08-28,98
235,Thomas,Beagle,2014-09-30,189
236,Candace,Shiba Inu,2017-08-01,147
237,Bryan,Maine Coon,2023-12-03,162
238,Jason,Beagle,2015-10-02,56
239,Ian,Maine Coon,2021-09-19,36
240,Thomas,Persian Cat,2016-05-09,60
241,Brandon,German Shepherd,2012-07-02,145
242,Amy,Siamese Cat,2022-01-14,123
243,Kelly,Beagle,2014-04-14,154
244,Mary,Persian Cat,2013-11-22,126
245,Sherry,Bulldog,2015-09-30,65
246,Christina,Siamese Cat,2023-07-02,24
247,Marcus,Shiba Inu,2023-12-09,72
248,Amanda,Persian Cat,2021-04-19,109
249,Christine,Shiba Inu,2025-02-06,17
250,Brad,Shiba Inu,2022-02-17,173
251,Robert,Shiba Inu,2023-05-01,140
252,Dakota,Shiba Inu,2013-06-28,186
253,Ryan,Bulldog,2020-05-23,70
254,Felicia,Siamese Cat,2021-11-07,8
255,Jade,Bulldog,2023-06-28,155
256,Garrett,Maine Coon,2011-12-12,11
257,Samuel,Bulldog,2022-02-26,180
258,Diane,Bulldog,2015-03-06,22
259,Bryan,Golden Retriever,2011-09-20,148
260,Deborah,Bulldog,2013-10-13,133
261,Dana,Siamese Cat,2010-10-25,85
262,James,Maine Coon,2022-12-14,177
263,James,Beagle,2020-09-20,71
264,Elizabeth,Beagle,2014-11-14,165
265,Abigail,Shiba Inu,2022-07-06,50
266,Benjamin,Siamese Cat,2021-08-12,64
267,Elizabeth,Bulldog,2011-04-20,50
268,Garrett,Persian Cat,2021-07-03,180
269,James,Beagle,2024-03-06,101
270,Jonathan,Beagle,2014-03-22,75
271,Dan,Beagle,2014-08-19,159
272,Meghan,Persian Cat,2018-07-06,44
273,Melissa,Golden Retriever,2019-12-10,151
274,Matthew,Persian Cat,2018-05-12,63
275,Margaret,Bulldog,2024-01-15,13
276,Jennifer,Maine Coon,2011-06-11,118
277,Michael,Bulldog,2017-03-01,188
278,Katie,Persian Cat,2019-12-31,134
279,Christopher,Shiba Inu,2021-01-28,108
280,Misty,German Shepherd,2015-09-11,51
281,Linda,Bulldog,2022-10-02,172
282,Lisa,Maine Coon,2020-02-04,105
283,Brooke,Shiba Inu,2014-09-19,27
284,Scott,Persian Cat,2018-11-28,104
285,Traci,Persian Cat,2014-09-01,169
286,Tracy,Maine Coon,2013-04-21,164
287,Tracy,Persian Cat,2017-01-08,126
288,Jessica,Bulldog,2016-12-25,151
289,Robert,Beagle,2019-05-02,156
290,Lisa,Golden Retriever,2017-07-18,168
291,Elizabeth,Beagle,2023-11-30,171
292,Sergio,Bulldog,2010-11-08,10
293,Carrie,Beagle,2010-12-20,30
294,Curtis,Persian Cat,2012-10-16,41
295,Lisa,Persian Cat,2014-09-08,125
296,Nina,Beagle,2025-03-19,4
297,Keith,Golden Retriever,2023-02-16,9
298,Chad,Siamese Cat,2011-04-11,169
299,Jason,Golden Retriever,2012-09-03,36
300,Linda,Siamese Cat,2014-04-13,23
301,Jasmine,Shiba Inu,2020-09-16,22
302,Martin,Golden Retriever,2012-04-15,198
303,Alicia,Maine Coon,2011-12-01,192
304,Christopher,German Shepherd,2023-08-15,46
305,Wayne,Persian Cat,2024-07-16,85
306,Jody,Golden Retriever,2016-04-29,153
307,David,Persian Cat,2017-10-28,142
308,Melanie,Shiba Inu,2016-04-16,100
309,Amber,German Shepherd,2023-06-29,17
310,Amy,Shiba Inu,2013-05-06,191
311,Timothy,Persian Cat,2024-02-11,189
312,Dawn,Bulldog,2023-12-15,43
313,Joseph,Shiba Inu,2023-04-02,182
314,Steven,Golden Retriever,2022-12-13,38
315,Michele,Siamese Cat,2022-04-13,75
316,Samantha,Maine Coon,2022-01-03,7
317,Amanda,Maine Coon,2020-10-04,60
318,Robert,Shiba Inu,2020-11-10,55
319,Rachel,Maine Coon,2010-09-16,65
320,Hailey,German Shepherd,2021-11-16,161
321,Michael,Shiba Inu,2022-03-21,76
322,Melissa,Maine Coon,2024-04-25,78
323,Calvin,Shiba Inu,2012-01-12,83
324,Jason,German Shepherd,2016-10-03,30
325,Ryan,German Shepherd,2025-07-24,18
326,Raymond,Siamese Cat,2014-12-28,134
327,John,Persian Cat,2024-03-02,156
328,Nathaniel,Persian Cat,2014-10-20,141
329,Tracy,Golden Retriever,2017-09-30,160
330,Amanda,German Shepherd,2012-10-23,94
331,Thomas,German Shepherd,2016-09-07,106
332,Robert,Golden Retriever,2011-08-15,116
333,Robyn,Golden Retriever,2016-05-10,168
334,Patricia,Persian Cat,2014-10-04,51
335,Lynn,Shiba Inu,2016-05-20,37
336,Jonathan,German Shepherd,2016-10-03,27
337,Amy,Beagle,2022-09-27,14
338,Anita,Siamese Cat,2024-01-20,39
339,Anthony,Bulldog,2019-10-03,27
340,Eric,Golden Retriever,2023-05-05,192
341,Whitney,Maine Coon,2016-08-22,136
342,Thomas,German Shepherd,2021-06-25,137
343,Anna,Siamese Cat,2015-01-13,143
344,Tiffany,Beagle,2024-11-20,50
345,Albert,Golden Retriever,2014-10-21,187
346,John,Shiba Inu,2020-07-25,20
347,Jeffrey,Shiba Inu,2024-02-24,156
348,Vincent,Beagle,2020-08-20,4
349,Gary,Shiba Inu,2017-04-10,167
350,James,Shiba Inu,2024-12-05,194
